"Book","Started On","Finished On","Duration","First Page","Last Page","Pages Read","Time/Page"
"When Panic Attacks: The New, Drug-Free Anxiety Therapy That Can Change Your Life","8/24/18 4:08 PM","8/24/18 4:52 PM","31 min 26 s","88","126","39","48 s"
"When Panic Attacks: The New, Drug-Free Anxiety Therapy That Can Change Your Life","8/22/18 10:01 PM","8/22/18 10:50 PM","49 min 35 s","30","63","34","1 min 27 s"
"When Panic Attacks: The New, Drug-Free Anxiety Therapy That Can Change Your Life","8/23/18 11:34 PM","8/24/18 12:04 AM","29 min 31 s","63","88","26","1 min 8 s"
"When Panic Attacks: The New, Drug-Free Anxiety Therapy That Can Change Your Life","9/3/18 8:30 PM","9/3/18 8:48 PM","18 min 40 s","284","296","13","1 min 26 s"
"When Panic Attacks: The New, Drug-Free Anxiety Therapy That Can Change Your Life","8/31/18 10:12 PM","8/31/18 10:31 PM","15 min 36 s","234","250","17","55 s"
"When Panic Attacks: The New, Drug-Free Anxiety Therapy That Can Change Your Life","8/22/18 4:36 PM","8/22/18 5:26 PM","43 min 45 s","1","30","30","1 min 27 s"
"When Panic Attacks: The New, Drug-Free Anxiety Therapy That Can Change Your Life","8/27/18 11:34 AM","8/27/18 11:51 AM","16 min 54 s","157","170","14","1 min 12 s"
"When Panic Attacks: The New, Drug-Free Anxiety Therapy That Can Change Your Life","8/26/18 11:34 PM","8/26/18 11:51 PM","16 min 54 s","143","157","15","1 min 7 s"
"When Panic Attacks: The New, Drug-Free Anxiety Therapy That Can Change Your Life","9/3/18 3:26 PM","9/3/18 4:20 PM","50 min 14 s","250","284","35","1 min 26 s"
"When Panic Attacks: The New, Drug-Free Anxiety Therapy That Can Change Your Life","8/27/18 10:21 PM","8/27/18 10:50 PM","28 min 58 s","170","190","21","1 min 22 s"
"When Panic Attacks: The New, Drug-Free Anxiety Therapy That Can Change Your Life","8/25/18 11:25 AM","8/25/18 11:43 AM","18 min 5 s","126","143","18","1 min 0 s"
"When Panic Attacks: The New, Drug-Free Anxiety Therapy That Can Change Your Life","9/9/18 11:34 AM","9/9/18 11:54 AM","20 min 10 s","388","410","23","52 s"
"When Panic Attacks: The New, Drug-Free Anxiety Therapy That Can Change Your Life","9/4/18 9:02 PM","9/4/18 9:23 PM","21 min 9 s","296","309","14","1 min 30 s"
"When Panic Attacks: The New, Drug-Free Anxiety Therapy That Can Change Your Life","8/28/18 9:25 PM","8/28/18 9:55 PM","27 min 38 s","190","208","19","1 min 27 s"
"When Panic Attacks: The New, Drug-Free Anxiety Therapy That Can Change Your Life","8/29/18 11:52 AM","8/29/18 12:25 PM","29 min 42 s","208","234","27","1 min 6 s"
"When Panic Attacks: The New, Drug-Free Anxiety Therapy That Can Change Your Life","9/6/18 7:24 PM","9/6/18 8:25 PM","1 h","309","388","80","45 s"
"The Wedding","1/28/19 4:14 PM","1/28/19 5:23 PM","37 min 5 s","100","133","34","1 min 5 s"
"The Wedding","1/28/19 10:04 PM","1/28/19 10:46 PM","42 min 40 s","133","174","42","1 min 0 s"
"The Wedding","1/25/19 9:24 AM","1/25/19 9:56 AM","32 min 2 s","1","25","25","1 min 16 s"
"The Wedding","1/28/19 11:27 AM","1/28/19 11:41 AM","14 min 22 s","89","100","12","1 min 11 s"
"The Wedding","1/25/19 1:15 PM","1/25/19 1:43 PM","27 min 46 s","25","52","28","59 s"
"The Wedding","1/29/19 5:37 PM","1/29/19 7:30 PM","33 min 5 s","174","203","30","1 min 6 s"
"The Wedding","1/26/19 9:24 PM","1/26/19 10:09 PM","44 min 36 s","52","89","38","1 min 10 s"
"The Wedding","1/30/19 8:02 PM","1/30/19 9:43 PM","1 h 4 min","203","263","61","1 min 3 s"
"The Book of a Mormon: The Real Life and Strange Times of an LDS Missionary","1/4/22 7:06 AM","1/4/22 7:51 AM","44 min 55 s","43","70","28","1 min 36 s"
"The Book of a Mormon: The Real Life and Strange Times of an LDS Missionary","1/6/22 7:11 AM","1/6/22 8:06 AM","55 min 21 s","141","173","33","1 min 40 s"
"The Book of a Mormon: The Real Life and Strange Times of an LDS Missionary","1/3/22 7:08 AM","1/3/22 8:17 AM","1 h 9 min","7","43","37","1 min 52 s"
"The Book of a Mormon: The Real Life and Strange Times of an LDS Missionary","1/5/22 7:59 PM","1/5/22 8:29 PM","29 min 51 s","121","141","21","1 min 25 s"
"The Book of a Mormon: The Real Life and Strange Times of an LDS Missionary","1/5/22 7:09 AM","1/5/22 8:38 AM","1 h 27 min","70","121","52","1 min 41 s"
"The Book of a Mormon: The Real Life and Strange Times of an LDS Missionary","1/7/22 7:12 AM","1/7/22 7:51 AM","38 min 39 s","173","194","22","1 min 45 s"
"The Book of a Mormon: The Real Life and Strange Times of an LDS Missionary","1/8/22 7:07 AM","1/8/22 8:13 AM","1 h 5 min","194","234","41","1 min 36 s"
"The Book of a Mormon: The Real Life and Strange Times of an LDS Missionary","1/8/22 4:40 PM","1/8/22 5:41 PM","1 h 1 min","234","270","37","1 min 39 s"
"The Jungle","4/3/19 10:46 AM","4/3/19 11:41 AM","54 min 58 s","182","210","29","1 min 53 s"
"The Jungle","3/27/19 9:26 PM","3/27/19 10:15 PM","48 min 28 s","38","59","22","2 min 12 s"
"The Jungle","3/31/19 6:02 PM","3/31/19 6:22 PM","19 min 35 s","102","111","10","1 min 57 s"
"The Jungle","3/31/19 8:00 PM","3/31/19 8:47 PM","46 min 8 s","111","133","23","2 min 0 s"
"The Jungle","4/8/19 3:27 PM","4/8/19 4:17 PM","46 min 31 s","307","325","19","2 min 26 s"
"The Jungle","4/2/19 9:19 PM","4/2/19 10:05 PM","46 min 9 s","153","182","30","1 min 32 s"
"The Jungle","3/28/19 9:39 PM","3/28/19 10:21 PM","42 min 49 s","59","78","20","2 min 8 s"
"The Jungle","4/6/19 6:30 PM","4/6/19 7:01 PM","31 min 48 s","278","292","15","2 min 7 s"
"The Jungle","4/4/19 9:47 PM","4/4/19 10:33 PM","45 min 52 s","210","231","22","2 min 5 s"
"The Jungle","3/30/19 8:18 PM","3/31/19 12:48 AM","26 min 0 s","78","88","11","2 min 21 s"
"The Jungle","3/26/19 7:10 PM","3/26/19 7:55 PM","44 min 6 s","18","38","21","2 min 6 s"
"The Jungle","4/6/19 11:55 AM","4/6/19 12:19 PM","24 min 23 s","262","272","11","2 min 13 s"
"The Jungle","4/1/19 10:33 AM","4/1/19 11:08 AM","34 min 26 s","133","153","21","1 min 38 s"
"The Jungle","3/31/19 10:38 AM","3/31/19 11:12 AM","33 min 35 s","88","102","15","2 min 14 s"
"The Jungle","4/6/19 5:45 PM","4/6/19 5:56 PM","11 min 40 s","272","278","7","1 min 40 s"
"The Jungle","3/26/19 1:49 PM","3/26/19 2:32 PM","43 min 13 s","1","18","18","2 min 24 s"
"The Jungle","4/5/19 9:22 PM","4/5/19 10:38 PM","1 h 15 min","231","262","32","2 min 21 s"
"The Jungle","4/8/19 2:24 PM","4/8/19 2:56 PM","31 min 14 s","292","307","16","1 min 57 s"
"Spook: Science Tackles the Afterlife","3/25/19 3:40 PM","3/25/19 4:16 PM","36 min 16 s","269","295","27","1 min 20 s"
"Spook: Science Tackles the Afterlife","3/21/19 8:52 PM","3/21/19 9:25 PM","33 min 11 s","168","191","24","1 min 22 s"
"Spook: Science Tackles the Afterlife","3/23/19 9:22 PM","3/23/19 9:44 PM","21 min 50 s","211","229","19","1 min 8 s"
"Spook: Science Tackles the Afterlife","3/17/19 11:04 PM","3/17/19 11:22 PM","18 min 21 s","115","127","13","1 min 24 s"
"Spook: Science Tackles the Afterlife","3/9/19 8:26 PM","3/9/19 9:37 PM","1 h 8 min","11","53","43","1 min 35 s"
"Spook: Science Tackles the Afterlife","3/16/19 11:27 PM","3/16/19 11:43 PM","15 min 49 s","91","99","9","1 min 45 s"
"Spook: Science Tackles the Afterlife","3/17/19 4:29 PM","3/17/19 4:58 PM","24 min 48 s","99","115","17","1 min 27 s"
"Spook: Science Tackles the Afterlife","3/11/19 9:47 PM","3/11/19 10:21 PM","34 min 28 s","53","75","23","1 min 29 s"
"Spook: Science Tackles the Afterlife","3/22/19 11:03 AM","3/22/19 11:37 AM","33 min 38 s","191","211","21","1 min 36 s"
"Spook: Science Tackles the Afterlife","3/19/19 8:56 PM","3/19/19 9:39 PM","37 min 52 s","127","148","22","1 min 43 s"
"Spook: Science Tackles the Afterlife","3/20/19 9:30 PM","3/20/19 10:02 PM","31 min 58 s","148","168","21","1 min 31 s"
"Spook: Science Tackles the Afterlife","3/24/19 7:25 PM","3/24/19 8:21 PM","56 min 2 s","229","269","41","1 min 22 s"
"Spook: Science Tackles the Afterlife","3/12/19 10:33 PM","3/12/19 10:58 PM","24 min 30 s","75","91","17","1 min 26 s"
"Sapiens","5/16/19 2:35 PM","5/17/19 12:27 PM","38 min 57 s","10","22","13","2 min 59 s"
"Sapiens","6/25/19 6:46 PM","6/25/19 7:46 PM","53 min 7 s","75","98","24","2 min 12 s"
"Sapiens","6/25/19 9:21 AM","6/25/19 10:31 AM","1 h 9 min","39","75","37","1 min 52 s"
"Sapiens","6/27/19 3:28 PM","6/27/19 5:00 PM","1 h 26 min","260","303","44","1 min 58 s"
"Sapiens","5/21/19 4:49 PM","5/21/19 10:52 PM","26 min 23 s","22","32","11","2 min 23 s"
"Sapiens","6/26/19 9:39 AM","6/26/19 10:47 AM","1 h 8 min","114","156","43","1 min 35 s"
"Sapiens","6/25/19 8:25 PM","6/25/19 8:58 PM","32 min 59 s","98","114","17","1 min 56 s"
"Sapiens","5/29/19 2:15 PM","5/29/19 2:29 PM","14 min 0 s","32","39","8","1 min 45 s"
"Sapiens","6/27/19 9:12 AM","6/27/19 11:06 AM","1 h 42 min","204","260","57","1 min 47 s"
"Sapiens","6/26/19 2:26 PM","6/26/19 3:53 PM","1 h 26 min","156","204","49","1 min 45 s"
"Sapiens","6/28/19 10:58 AM","6/28/19 12:40 PM","1 h 20 min","303","351","49","1 min 38 s"
"The Ice Limit","11/17/21 5:26 PM","11/17/21 6:02 PM","20 min 0 s","51","66","16","1 min 15 s"
"The Ice Limit","11/17/21 8:56 PM","11/17/21 9:37 PM","40 min 37 s","70","98","29","1 min 24 s"
"The Ice Limit","11/18/21 8:45 PM","11/18/21 9:20 PM","35 min 6 s","122","147","26","1 min 21 s"
"The Ice Limit","11/22/21 8:05 AM","11/22/21 8:41 AM","35 min 45 s","350","381","32","1 min 7 s"
"The Ice Limit","11/18/21 8:07 AM","11/18/21 8:40 AM","32 min 48 s","98","122","25","1 min 18 s"
"The Ice Limit","11/15/21 12:03 PM","11/15/21 12:35 PM","31 min 21 s","1","23","23","1 min 21 s"
"The Ice Limit","11/21/21 8:32 PM","11/21/21 9:14 PM","41 min 55 s","316","350","35","1 min 11 s"
"The Ice Limit","11/21/21 5:38 PM","11/21/21 6:08 PM","30 min 16 s","290","316","27","1 min 7 s"
"The Ice Limit","11/17/21 7:22 PM","11/17/21 7:30 PM","8 min 46 s","66","70","5","1 min 45 s"
"The Ice Limit","11/20/21 8:57 PM","11/20/21 9:28 PM","31 min 27 s","173","200","28","1 min 7 s"
"The Ice Limit","11/22/21 9:12 PM","11/22/21 9:46 PM","33 min 33 s","381","414","34","59 s"
"The Ice Limit","11/21/21 3:35 PM","11/21/21 4:27 PM","51 min 41 s","249","290","42","1 min 13 s"
"The Ice Limit","11/21/21 7:58 AM","11/21/21 9:01 AM","1 h 2 min","200","249","50","1 min 15 s"
"The Ice Limit","11/19/21 10:12 PM","11/19/21 10:49 PM","37 min 31 s","147","173","27","1 min 23 s"
"The Ice Limit","11/23/21 7:06 AM","11/23/21 8:31 AM","1 h 23 min","414","491","78","1 min 4 s"
"The Ice Limit","11/16/21 7:18 AM","11/16/21 8:01 AM","43 min 20 s","23","51","29","1 min 29 s"
"The Birthdays","10/28/21 6:30 PM","10/28/21 7:00 PM","29 min 48 s","211","236","26","1 min 8 s"
"The Birthdays","10/30/21 8:42 AM","10/30/21 9:12 AM","29 min 52 s","261","284","24","1 min 14 s"
"The Birthdays","10/26/21 8:23 AM","10/26/21 8:52 AM","28 min 48 s","163","184","22","1 min 18 s"
"The Birthdays","10/21/21 9:05 PM","10/21/21 9:35 PM","30 min 0 s","114","139","26","1 min 9 s"
"The Birthdays","11/2/21 8:23 AM","11/2/21 8:48 AM","25 min 17 s","335","355","21","1 min 12 s"
"The Birthdays","10/24/21 6:52 PM","10/24/21 7:25 PM","32 min 59 s","139","163","25","1 min 19 s"
"The Birthdays","10/19/21 12:40 PM","10/19/21 1:10 PM","29 min 36 s","66","88","23","1 min 17 s"
"The Birthdays","10/27/21 8:06 AM","10/27/21 8:37 AM","31 min 19 s","184","211","28","1 min 7 s"
"The Birthdays","11/1/21 7:48 PM","11/1/21 8:28 PM","40 min 13 s","303","335","33","1 min 13 s"
"The Birthdays","10/18/21 8:09 AM","10/18/21 8:38 AM","29 min 33 s","47","66","20","1 min 28 s"
"The Birthdays","10/29/21 7:24 AM","10/29/21 7:59 AM","35 min 30 s","236","261","26","1 min 21 s"
"The Birthdays","10/20/21 5:58 PM","10/20/21 6:31 PM","32 min 45 s","88","114","27","1 min 12 s"
"The Birthdays","10/17/21 9:23 PM","10/17/21 9:47 PM","22 min 54 s","32","47","16","1 min 25 s"
"The Birthdays","10/15/21 7:34 AM","10/15/21 8:15 AM","40 min 14 s","7","32","26","1 min 32 s"
"The Birthdays","10/31/21 3:41 PM","10/31/21 5:11 PM","27 min 1 s","284","303","20","1 min 21 s"
"How to Win Friends & Influence People","1/9/22 7:09 AM","1/9/22 7:33 AM","23 min 55 s","16","29","14","1 min 42 s"
"How to Win Friends & Influence People","1/2/22 8:28 AM","1/2/22 9:10 AM","42 min 35 s","1","16","16","2 min 39 s"
"King Leopold's Ghost","8/3/20 7:51 AM","8/3/20 8:14 AM","22 min 24 s","139","149","11","2 min 2 s"
"King Leopold's Ghost","8/23/20 2:07 PM","8/23/20 3:00 PM","46 min 32 s","234","252","19","2 min 26 s"
"King Leopold's Ghost","8/2/20 7:59 AM","8/2/20 9:51 AM","1 h 29 min","100","139","40","2 min 13 s"
"King Leopold's Ghost","6/18/20 7:22 AM","6/18/20 8:34 AM","1 h 12 min","60","87","28","2 min 35 s"
"King Leopold's Ghost","8/15/20 12:49 PM","8/15/20 1:27 PM","37 min 15 s","149","166","18","2 min 4 s"
"King Leopold's Ghost","8/20/20 7:20 AM","8/20/20 8:37 AM","1 h 17 min","184","208","25","3 min 5 s"
"King Leopold's Ghost","8/30/20 3:26 PM","8/30/20 4:32 PM","1 h","292","318","27","2 min 14 s"
"King Leopold's Ghost","6/15/20 7:11 AM","6/15/20 8:31 AM","1 h 16 min","1","32","32","2 min 23 s"
"King Leopold's Ghost","8/29/20 7:52 PM","8/29/20 8:43 PM","49 min 21 s","274","292","19","2 min 35 s"
"King Leopold's Ghost","7/23/20 7:35 AM","7/23/20 8:12 AM","37 min 1 s","87","100","14","2 min 38 s"
"King Leopold's Ghost","8/22/20 9:21 AM","8/22/20 10:36 AM","1 h 10 min","208","234","27","2 min 35 s"
"King Leopold's Ghost","8/24/20 7:46 AM","8/24/20 8:52 AM","1 h","252","274","23","2 min 36 s"
"King Leopold's Ghost","8/16/20 2:44 PM","8/16/20 3:16 PM","32 min 10 s","166","184","19","1 min 41 s"
"King Leopold's Ghost","6/17/20 6:44 AM","6/17/20 7:55 AM","1 h 10 min","32","60","29","2 min 24 s"
"The Midnight Library","12/2/21 8:11 PM","12/2/21 8:49 PM","37 min 17 s","252","288","37","1 min 0 s"
"The Midnight Library","11/30/21 7:15 AM","11/30/21 8:04 AM","49 min 12 s","89","134","46","1 min 4 s"
"The Midnight Library","12/1/21 7:19 PM","12/1/21 7:52 PM","31 min 53 s","171","203","33","57 s"
"The Midnight Library","11/28/21 9:04 AM","11/28/21 9:32 AM","27 min 28 s","1","30","30","54 s"
"The Midnight Library","11/29/21 9:09 PM","11/29/21 9:39 PM","29 min 23 s","60","89","30","58 s"
"The Midnight Library","12/2/21 6:59 AM","12/2/21 7:53 AM","54 min 11 s","203","252","50","1 min 5 s"
"The Midnight Library","11/29/21 7:40 AM","11/29/21 8:16 AM","36 min 36 s","30","60","31","1 min 10 s"
"The Midnight Library","11/30/21 9:03 PM","11/30/21 9:43 PM","40 min 31 s","134","171","38","1 min 3 s"
"Three Cups of Tea","12/26/19 10:27 PM","12/26/19 11:03 PM","35 min 55 s","296","313","18","1 min 59 s"
"Three Cups of Tea","12/26/19 7:45 AM","12/26/19 8:59 AM","1 h 12 min","260","296","37","1 min 57 s"
"Three Cups of Tea","11/30/19 5:31 PM","11/30/19 6:03 PM","32 min 17 s","16","33","18","1 min 47 s"
"Three Cups of Tea","12/1/19 9:13 AM","12/1/19 10:05 AM","51 min 13 s","59","82","24","2 min 8 s"
"Three Cups of Tea","12/25/19 8:26 PM","12/25/19 9:34 PM","1 h 7 min","224","260","37","1 min 49 s"
"Three Cups of Tea","12/24/19 10:52 PM","12/24/19 11:14 PM","21 min 38 s","187","197","11","1 min 58 s"
"Three Cups of Tea","12/18/19 8:58 PM","12/18/19 9:25 PM","27 min 15 s","173","187","15","1 min 49 s"
"Three Cups of Tea","12/25/19 11:52 AM","12/25/19 12:42 PM","49 min 47 s","197","224","28","1 min 46 s"
"Three Cups of Tea","12/2/19 10:01 PM","12/2/19 10:32 PM","30 min 40 s","82","97","16","1 min 55 s"
"Three Cups of Tea","11/29/19 5:22 PM","11/29/19 6:01 PM","36 min 27 s","1","16","16","2 min 16 s"
"Three Cups of Tea","12/9/19 8:42 PM","12/9/19 9:22 PM","39 min 26 s","104","124","21","1 min 52 s"
"Three Cups of Tea","11/30/19 9:23 PM","11/30/19 10:19 PM","53 min 15 s","33","59","27","1 min 58 s"
"Three Cups of Tea","12/10/19 8:50 PM","12/10/19 9:29 PM","38 min 36 s","124","142","19","2 min 1 s"
"Three Cups of Tea","12/27/19 10:54 PM","12/27/19 11:16 PM","22 min 4 s","313","323","11","2 min 0 s"
"Three Cups of Tea","12/5/19 10:00 PM","12/5/19 10:18 PM","18 min 13 s","97","104","8","2 min 16 s"
"Three Cups of Tea","12/11/19 10:29 PM","12/11/19 10:52 PM","22 min 21 s","142","153","12","1 min 51 s"
"Three Cups of Tea","12/17/19 9:23 PM","12/17/19 10:06 PM","43 min 24 s","153","173","21","2 min 4 s"
"Three Cups of Tea","12/28/19 7:27 PM","12/28/19 7:43 PM","15 min 30 s","323","331","9","1 min 43 s"
"Is Everyone Hanging Out Without Me? (And Other Concerns)","6/22/19 6:24 PM","6/22/19 7:36 PM","1 h 11 min","139","202","64","1 min 6 s"
"Is Everyone Hanging Out Without Me? (And Other Concerns)","6/24/19 6:50 PM","6/24/19 7:07 PM","16 min 55 s","202","222","21","48 s"
"Is Everyone Hanging Out Without Me? (And Other Concerns)","6/19/19 7:48 AM","6/19/19 10:08 AM","2 h 5 min","1","98","98","1 min 16 s"
"Is Everyone Hanging Out Without Me? (And Other Concerns)","6/21/19 5:03 PM","6/21/19 5:43 PM","40 min 0 s","98","123","26","1 min 32 s"
"Is Everyone Hanging Out Without Me? (And Other Concerns)","6/21/19 10:08 PM","6/21/19 10:34 PM","25 min 36 s","123","139","17","1 min 30 s"
"Outliers: The Story of Success","2/21/19 2:53 PM","2/21/19 4:32 PM","1 h 38 min","1","90","90","1 min 5 s"
"Outliers: The Story of Success","3/3/19 7:21 PM","3/3/19 8:10 PM","48 min 46 s","138","176","39","1 min 15 s"
"Outliers: The Story of Success","3/2/19 5:02 PM","3/2/19 5:27 PM","25 min 1 s","90","108","19","1 min 19 s"
"Outliers: The Story of Success","3/2/19 9:07 PM","3/2/19 9:49 PM","42 min 47 s","108","138","31","1 min 22 s"
"Outliers: The Story of Success","3/5/19 9:04 PM","3/5/19 10:26 PM","1 h 3 min","176","223","48","1 min 19 s"
"Outliers: The Story of Success","3/7/19 9:35 PM","3/7/19 10:07 PM","31 min 28 s","223","249","27","1 min 9 s"
"Outliers: The Story of Success","3/8/19 6:14 PM","3/8/19 7:03 PM","47 min 38 s","249","285","37","1 min 17 s"
"The Girl Who Played with Fire (Millennium, #2)","5/2/19 1:40 PM","5/2/19 2:29 PM","48 min 52 s","47","75","29","1 min 41 s"
"The Girl Who Played with Fire (Millennium, #2)","5/5/19 8:25 PM","5/5/19 8:43 PM","17 min 57 s","147","157","11","1 min 37 s"
"The Girl Who Played with Fire (Millennium, #2)","5/28/19 9:26 PM","5/28/19 10:00 PM","34 min 27 s","358","380","23","1 min 29 s"
"The Girl Who Played with Fire (Millennium, #2)","6/2/19 10:41 PM","6/2/19 11:07 PM","26 min 37 s","408","431","24","1 min 6 s"
"The Girl Who Played with Fire (Millennium, #2)","5/4/19 10:09 PM","5/4/19 10:49 PM","39 min 43 s","127","147","21","1 min 53 s"
"The Girl Who Played with Fire (Millennium, #2)","5/11/19 10:51 PM","5/11/19 11:21 PM","30 min 41 s","307","325","19","1 min 36 s"
"The Girl Who Played with Fire (Millennium, #2)","6/28/19 9:51 PM","6/28/19 10:41 PM","50 min 24 s","470","503","34","1 min 28 s"
"The Girl Who Played with Fire (Millennium, #2)","5/3/19 8:58 AM","5/3/19 9:43 AM","44 min 39 s","84","111","28","1 min 35 s"
"The Girl Who Played with Fire (Millennium, #2)","6/17/19 9:51 PM","6/17/19 10:11 PM","20 min 1 s","444","455","12","1 min 40 s"
"The Girl Who Played with Fire (Millennium, #2)","5/8/19 11:57 AM","5/8/19 12:54 PM","57 min 42 s","220","257","38","1 min 31 s"
"The Girl Who Played with Fire (Millennium, #2)","6/4/19 9:11 PM","6/4/19 9:37 PM","25 min 47 s","431","444","14","1 min 50 s"
"The Girl Who Played with Fire (Millennium, #2)","5/9/19 9:31 PM","5/9/19 9:54 PM","23 min 2 s","271","286","16","1 min 26 s"
"The Girl Who Played with Fire (Millennium, #2)","5/10/19 3:33 PM","5/10/19 5:14 PM","33 min 54 s","286","307","22","1 min 32 s"
"The Girl Who Played with Fire (Millennium, #2)","4/30/19 9:58 PM","4/30/19 10:46 PM","46 min 3 s","1","28","28","1 min 38 s"
"The Girl Who Played with Fire (Millennium, #2)","5/6/19 9:34 PM","5/6/19 10:07 PM","32 min 58 s","187","203","17","1 min 56 s"
"The Girl Who Played with Fire (Millennium, #2)","5/6/19 2:31 PM","5/6/19 3:08 PM","37 min 38 s","157","187","31","1 min 12 s"
"The Girl Who Played with Fire (Millennium, #2)","5/9/19 12:16 PM","5/9/19 12:38 PM","21 min 16 s","257","271","15","1 min 25 s"
"The Girl Who Played with Fire (Millennium, #2)","5/29/19 10:42 PM","5/29/19 11:12 PM","29 min 48 s","380","399","20","1 min 29 s"
"The Girl Who Played with Fire (Millennium, #2)","5/30/19 8:37 PM","5/30/19 10:41 PM","40 min 4 s","399","408","10","4 min 0 s"
"The Girl Who Played with Fire (Millennium, #2)","5/1/19 1:07 PM","5/1/19 1:43 PM","36 min 30 s","28","47","20","1 min 49 s"
"The Girl Who Played with Fire (Millennium, #2)","5/7/19 10:12 PM","5/7/19 10:33 PM","21 min 4 s","203","220","18","1 min 10 s"
"The Girl Who Played with Fire (Millennium, #2)","5/2/19 10:18 PM","5/2/19 10:38 PM","20 min 8 s","75","84","10","2 min 0 s"
"The Girl Who Played with Fire (Millennium, #2)","6/18/19 9:13 PM","6/18/19 9:40 PM","26 min 20 s","455","470","16","1 min 38 s"
"The Girl Who Played with Fire (Millennium, #2)","5/17/19 12:28 PM","5/17/19 12:57 PM","29 min 38 s","339","358","20","1 min 28 s"
"The Girl Who Played with Fire (Millennium, #2)","5/15/19 10:10 PM","5/15/19 10:34 PM","24 min 3 s","325","339","15","1 min 36 s"
"The Girl Who Played with Fire (Millennium, #2)","5/4/19 10:25 AM","5/4/19 10:51 AM","25 min 50 s","111","127","17","1 min 31 s"
"Brain Trust: 93 Top Scientists Reveal Lab-Tested Secrets to Surfing, Dating, Dieting, Gambling, Growing Man-Eating Plants, and More!","4/20/19 10:16 AM","4/20/19 11:12 AM","54 min 28 s","81","112","32","1 min 42 s"
"Brain Trust: 93 Top Scientists Reveal Lab-Tested Secrets to Surfing, Dating, Dieting, Gambling, Growing Man-Eating Plants, and More!","4/21/19 8:25 AM","4/21/19 10:00 AM","1 h 28 min","137","200","64","1 min 22 s"
"Brain Trust: 93 Top Scientists Reveal Lab-Tested Secrets to Surfing, Dating, Dieting, Gambling, Growing Man-Eating Plants, and More!","4/21/19 11:56 AM","4/21/19 12:18 PM","22 min 49 s","200","219","20","1 min 8 s"
"Brain Trust: 93 Top Scientists Reveal Lab-Tested Secrets to Surfing, Dating, Dieting, Gambling, Growing Man-Eating Plants, and More!","4/19/19 6:02 PM","4/19/19 7:25 PM","1 h 20 min","27","81","55","1 min 28 s"
"Brain Trust: 93 Top Scientists Reveal Lab-Tested Secrets to Surfing, Dating, Dieting, Gambling, Growing Man-Eating Plants, and More!","4/18/19 9:38 PM","4/18/19 10:31 PM","53 min 16 s","1","27","27","1 min 58 s"
"Brain Trust: 93 Top Scientists Reveal Lab-Tested Secrets to Surfing, Dating, Dieting, Gambling, Growing Man-Eating Plants, and More!","4/20/19 9:04 PM","4/20/19 9:43 PM","39 min 9 s","112","137","26","1 min 30 s"
"The Mammy (Agnes Browne, #1)","7/1/19 3:46 PM","7/1/19 4:55 PM","1 h 9 min","96","174","79","52 s"
"The Mammy (Agnes Browne, #1)","6/29/19 4:23 PM","6/29/19 5:06 PM","42 min 28 s","9","43","35","1 min 12 s"
"The Mammy (Agnes Browne, #1)","6/29/19 10:12 PM","6/29/19 11:12 PM","59 min 57 s","43","96","54","1 min 6 s"
"Easter Weekend","12/28/19 7:45 PM","12/28/19 8:12 PM","26 min 42 s","1","19","19","1 min 24 s"
"Easter Weekend","12/29/19 4:29 PM","12/29/19 5:09 PM","40 min 0 s","19","50","32","1 min 15 s"
"Easter Weekend","1/1/20 3:27 PM","1/1/20 4:09 PM","41 min 46 s","74","106","33","1 min 15 s"
"Easter Weekend","1/3/20 9:16 PM","1/3/20 10:12 PM","56 min 5 s","155","198","44","1 min 16 s"
"Easter Weekend","12/30/19 10:10 PM","12/30/19 10:47 PM","36 min 56 s","50","74","25","1 min 28 s"
"Easter Weekend","1/1/20 8:18 PM","1/1/20 9:20 PM","1 h 1 min","106","155","50","1 min 14 s"
"Lord Jim","5/9/20 9:26 PM","5/9/20 9:58 PM","31 min 38 s","1","21","21","1 min 30 s"
"Lord Jim","5/26/20 9:54 AM","5/26/20 10:51 AM","44 min 27 s","225","244","20","2 min 13 s"
"Lord Jim","5/27/20 8:13 AM","5/27/20 8:45 AM","32 min 0 s","244","255","12","2 min 40 s"
"Lord Jim","5/31/20 10:02 AM","5/31/20 11:03 AM","1 h 1 min","293","322","30","2 min 2 s"
"Lord Jim","5/19/20 7:50 AM","5/19/20 8:44 AM","35 min 9 s","184","197","14","2 min 30 s"
"Lord Jim","5/20/20 7:10 AM","5/20/20 7:58 AM","47 min 45 s","197","216","20","2 min 23 s"
"Lord Jim","5/24/20 5:24 PM","5/24/20 5:54 PM","29 min 13 s","216","225","10","2 min 55 s"
"Lord Jim","5/29/20 7:20 AM","5/29/20 8:25 AM","1 h 2 min","266","293","28","2 min 13 s"
"Lord Jim","5/10/20 9:52 PM","5/10/20 10:29 PM","30 min 3 s","21","34","14","2 min 8 s"
"Lord Jim","5/12/20 7:06 AM","5/12/20 8:10 AM","1 h 3 min","59","84","26","2 min 26 s"
"Lord Jim","5/18/20 8:01 AM","5/18/20 8:57 AM","55 min 7 s","161","184","24","2 min 17 s"
"Lord Jim","5/28/20 8:22 AM","5/28/20 8:55 AM","28 min 58 s","255","266","12","2 min 24 s"
"Lord Jim","5/14/20 7:44 AM","5/14/20 8:43 AM","52 min 13 s","117","137","21","2 min 29 s"
"Lord Jim","5/15/20 7:31 AM","5/15/20 8:32 AM","1 h 1 min","137","161","25","2 min 27 s"
"Lord Jim","5/13/20 7:37 AM","5/13/20 8:42 AM","1 h 5 min","84","117","34","1 min 54 s"
"Lord Jim","5/11/20 7:18 AM","5/11/20 8:24 AM","1 h 6 min","34","59","26","2 min 32 s"
"A Long Way Gone","4/27/19 12:28 AM","4/27/19 12:45 AM","17 min 3 s","113","122","10","1 min 42 s"
"A Long Way Gone","4/26/19 8:57 AM","4/26/19 9:33 AM","36 min 5 s","88","113","26","1 min 23 s"
"A Long Way Gone","4/25/19 5:08 PM","4/25/19 5:28 PM","20 min 11 s","43","57","15","1 min 20 s"
"A Long Way Gone","4/24/19 11:40 AM","4/24/19 12:17 PM","36 min 29 s","17","43","27","1 min 21 s"
"A Long Way Gone","4/29/19 9:34 PM","4/29/19 10:24 PM","45 min 33 s","192","218","27","1 min 41 s"
"A Long Way Gone","4/23/19 11:01 PM","4/23/19 11:22 PM","21 min 35 s","5","17","13","1 min 39 s"
"A Long Way Gone","4/27/19 9:22 PM","4/27/19 9:47 PM","25 min 11 s","151","166","16","1 min 34 s"
"A Long Way Gone","4/27/19 6:40 PM","4/27/19 7:29 PM","48 min 44 s","122","151","30","1 min 37 s"
"A Long Way Gone","4/25/19 10:02 PM","4/25/19 10:53 PM","50 min 51 s","57","88","32","1 min 35 s"
"A Long Way Gone","4/28/19 9:25 PM","4/28/19 10:07 PM","42 min 0 s","166","192","27","1 min 33 s"
"The Lovely Bones","9/16/18 9:08 PM","9/16/18 10:16 PM","17 min 33 s","48","60","13","1 min 21 s"
"The Lovely Bones","9/13/18 10:34 PM","9/13/18 10:48 PM","13 min 39 s","26","36","11","1 min 14 s"
"The Lovely Bones","9/24/18 4:03 PM","9/24/18 4:27 PM","23 min 31 s","170","186","17","1 min 23 s"
"The Lovely Bones","9/12/18 9:10 PM","9/12/18 9:38 PM","27 min 37 s","16","26","11","2 min 30 s"
"The Lovely Bones","9/26/18 10:30 AM","9/26/18 11:20 AM","49 min 47 s","211","247","37","1 min 20 s"
"The Lovely Bones","9/18/18 9:36 PM","9/18/18 9:51 PM","15 min 43 s","60","71","12","1 min 18 s"
"The Lovely Bones","9/25/18 9:51 PM","9/25/18 10:13 PM","22 min 13 s","197","211","15","1 min 28 s"
"The Lovely Bones","9/27/18 9:08 PM","9/27/18 9:28 PM","20 min 0 s","261","274","14","1 min 25 s"
"The Lovely Bones","9/23/18 8:10 PM","9/23/18 8:31 PM","21 min 23 s","125","140","16","1 min 20 s"
"The Lovely Bones","9/28/18 11:46 AM","9/28/18 12:55 PM","57 min 4 s","274","311","38","1 min 30 s"
"The Lovely Bones","9/15/18 8:00 PM","9/15/18 8:25 PM","24 min 47 s","36","48","13","1 min 54 s"
"The Lovely Bones","9/23/18 5:48 PM","9/23/18 6:19 PM","30 min 53 s","108","125","18","1 min 42 s"
"The Lovely Bones","9/24/18 1:23 PM","9/24/18 2:05 PM","42 min 7 s","140","170","31","1 min 21 s"
"The Lovely Bones","9/21/18 3:05 PM","9/21/18 3:46 PM","40 min 36 s","71","91","21","1 min 56 s"
"The Lovely Bones","9/26/18 10:27 PM","9/26/18 10:48 PM","20 min 58 s","247","261","15","1 min 23 s"
"The Lovely Bones","9/28/18 8:02 PM","9/28/18 8:38 PM","24 min 0 s","311","328","18","1 min 20 s"
"The Lovely Bones","9/22/18 10:45 PM","9/22/18 11:10 PM","25 min 20 s","91","108","18","1 min 24 s"
"The Lovely Bones","9/10/18 9:13 PM","9/10/18 9:30 PM","16 min 30 s","1","16","16","1 min 1 s"
"The Lovely Bones","9/24/18 9:01 PM","9/24/18 9:15 PM","14 min 23 s","186","197","12","1 min 11 s"
"Ghost Wars","4/15/20 7:10 AM","4/15/20 8:40 AM","1 h 30 min","213","247","35","2 min 34 s"
"Ghost Wars","4/27/20 7:17 AM","4/27/20 8:38 AM","1 h 21 min","452","483","32","2 min 32 s"
"Ghost Wars","4/29/20 7:42 AM","4/29/20 8:35 AM","48 min 15 s","508","525","18","2 min 40 s"
"Ghost Wars","5/3/20 7:21 PM","5/3/20 8:01 PM","35 min 8 s","573","588","16","2 min 11 s"
"Ghost Wars","4/28/20 7:25 AM","4/28/20 8:38 AM","1 h 12 min","483","508","26","2 min 47 s"
"Ghost Wars","4/9/20 7:15 AM","4/9/20 8:04 AM","48 min 48 s","88","106","19","2 min 34 s"
"Ghost Wars","4/23/20 8:51 PM","4/23/20 9:45 PM","53 min 20 s","415","437","23","2 min 19 s"
"Ghost Wars","5/3/20 12:23 PM","5/3/20 12:56 PM","32 min 36 s","558","573","16","2 min 2 s"
"Ghost Wars","4/30/20 7:35 AM","4/30/20 8:21 AM","41 min 18 s","525","542","18","2 min 17 s"
"Ghost Wars","4/17/20 7:21 AM","4/17/20 8:48 AM","1 h 27 min","279","313","35","2 min 29 s"
"Ghost Wars","4/8/20 7:30 AM","4/8/20 8:58 AM","1 h 20 min","61","88","28","2 min 51 s"
"Ghost Wars","4/21/20 6:43 AM","4/21/20 8:25 AM","1 h 30 min","343","381","39","2 min 18 s"
"Ghost Wars","4/13/20 7:37 AM","4/13/20 8:46 AM","1 h","146","169","24","2 min 30 s"
"Ghost Wars","5/1/20 8:21 AM","5/1/20 9:02 AM","41 min 34 s","542","558","17","2 min 26 s"
"Ghost Wars","4/16/20 7:20 AM","4/16/20 8:45 AM","1 h 23 min","247","279","33","2 min 31 s"
"Ghost Wars","4/20/20 7:24 AM","4/20/20 8:49 AM","1 h 24 min","313","343","31","2 min 44 s"
"Ghost Wars","4/7/20 9:36 PM","4/7/20 10:02 PM","26 min 31 s","52","61","10","2 min 39 s"
"Ghost Wars","4/14/20 7:38 AM","4/14/20 8:41 AM","1 h 1 min","169","194","26","2 min 22 s"
"Ghost Wars","4/7/20 8:11 AM","4/7/20 9:14 AM","44 min 48 s","37","52","16","2 min 48 s"
"Ghost Wars","4/10/20 7:21 AM","4/10/20 8:34 AM","1 h","124","146","23","2 min 38 s"
"Ghost Wars","4/9/20 8:01 PM","4/9/20 8:56 PM","55 min 29 s","106","124","19","2 min 55 s"
"Ghost Wars","4/14/20 8:28 PM","4/14/20 9:22 PM","52 min 2 s","194","213","20","2 min 36 s"
"Ghost Wars","4/6/20 7:08 AM","4/6/20 8:28 AM","1 h 19 min","1","37","37","2 min 9 s"
"Ghost Wars","4/22/20 7:18 AM","4/22/20 8:38 AM","1 h 19 min","381","415","35","2 min 17 s"
"Ghost Wars","4/26/20 9:44 PM","4/26/20 10:23 PM","37 min 30 s","437","452","16","2 min 20 s"
"The Boys in the Boat: Nine Americans and Their Epic Quest for Gold at the 1936 Berlin Olympics","9/28/21 6:32 PM","9/28/21 7:01 PM","29 min 15 s","191","205","15","1 min 57 s"
"The Boys in the Boat: Nine Americans and Their Epic Quest for Gold at the 1936 Berlin Olympics","10/13/21 7:25 PM","10/13/21 7:40 PM","13 min 23 s","342","351","10","1 min 20 s"
"The Boys in the Boat: Nine Americans and Their Epic Quest for Gold at the 1936 Berlin Olympics","3/31/21 8:03 AM","3/31/21 8:38 AM","33 min 53 s","51","70","20","1 min 41 s"
"The Boys in the Boat: Nine Americans and Their Epic Quest for Gold at the 1936 Berlin Olympics","9/27/21 7:13 PM","9/27/21 7:59 PM","46 min 6 s","171","191","21","2 min 11 s"
"The Boys in the Boat: Nine Americans and Their Epic Quest for Gold at the 1936 Berlin Olympics","9/29/21 8:14 PM","9/29/21 8:58 PM","44 min 0 s","205","226","22","2 min 0 s"
"The Boys in the Boat: Nine Americans and Their Epic Quest for Gold at the 1936 Berlin Olympics","10/1/21 7:05 AM","10/1/21 8:00 AM","54 min 38 s","249","273","25","2 min 11 s"
"The Boys in the Boat: Nine Americans and Their Epic Quest for Gold at the 1936 Berlin Olympics","7/5/21 1:45 PM","7/5/21 2:10 PM","25 min 32 s","92","104","13","1 min 57 s"
"The Boys in the Boat: Nine Americans and Their Epic Quest for Gold at the 1936 Berlin Olympics","4/4/21 6:57 PM","4/4/21 7:24 PM","27 min 11 s","80","92","13","2 min 5 s"
"The Boys in the Boat: Nine Americans and Their Epic Quest for Gold at the 1936 Berlin Olympics","10/11/21 12:32 PM","10/11/21 1:15 PM","33 min 39 s","325","342","18","1 min 52 s"
"The Boys in the Boat: Nine Americans and Their Epic Quest for Gold at the 1936 Berlin Olympics","8/25/21 4:04 PM","8/25/21 6:00 PM","1 h 52 min","115","171","57","1 min 58 s"
"The Boys in the Boat: Nine Americans and Their Epic Quest for Gold at the 1936 Berlin Olympics","8/18/21 9:58 PM","8/18/21 10:19 PM","20 min 57 s","104","115","12","1 min 44 s"
"The Boys in the Boat: Nine Americans and Their Epic Quest for Gold at the 1936 Berlin Olympics","4/4/21 11:01 AM","4/4/21 11:18 AM","17 min 1 s","70","80","11","1 min 32 s"
"The Boys in the Boat: Nine Americans and Their Epic Quest for Gold at the 1936 Berlin Olympics","3/26/21 7:39 AM","3/26/21 8:18 AM","39 min 30 s","1","23","23","1 min 43 s"
"The Boys in the Boat: Nine Americans and Their Epic Quest for Gold at the 1936 Berlin Olympics","9/30/21 9:53 PM","9/30/21 10:36 PM","43 min 27 s","226","249","24","1 min 48 s"
"The Boys in the Boat: Nine Americans and Their Epic Quest for Gold at the 1936 Berlin Olympics","10/2/21 7:59 PM","10/2/21 8:50 PM","45 min 0 s","273","295","23","1 min 57 s"
"The Boys in the Boat: Nine Americans and Their Epic Quest for Gold at the 1936 Berlin Olympics","10/10/21 10:55 PM","10/10/21 11:10 PM","14 min 42 s","319","325","7","2 min 6 s"
"The Boys in the Boat: Nine Americans and Their Epic Quest for Gold at the 1936 Berlin Olympics","10/14/21 7:03 AM","10/14/21 7:35 AM","30 min 19 s","351","370","20","1 min 30 s"
"The Boys in the Boat: Nine Americans and Their Epic Quest for Gold at the 1936 Berlin Olympics","10/5/21 8:36 PM","10/5/21 9:21 PM","45 min 47 s","295","319","25","1 min 49 s"
"The Boys in the Boat: Nine Americans and Their Epic Quest for Gold at the 1936 Berlin Olympics","3/30/21 7:56 AM","3/30/21 8:23 AM","27 min 12 s","38","51","14","1 min 56 s"
"The Boys in the Boat: Nine Americans and Their Epic Quest for Gold at the 1936 Berlin Olympics","3/29/21 8:38 PM","3/29/21 9:08 PM","29 min 34 s","23","38","16","1 min 50 s"
"Catch-22 (Catch-22, #1)","7/2/19 9:08 PM","7/2/19 9:35 PM","27 min 2 s","48","59","12","2 min 15 s"
"Catch-22 (Catch-22, #1)","7/5/19 5:06 PM","7/5/19 5:28 PM","22 min 5 s","91","100","10","2 min 12 s"
"Catch-22 (Catch-22, #1)","7/4/19 3:31 PM","7/4/19 4:29 PM","57 min 57 s","59","91","33","1 min 45 s"
"Catch-22 (Catch-22, #1)","7/17/19 9:28 PM","7/17/19 9:46 PM","17 min 43 s","260","268","9","1 min 58 s"
"Catch-22 (Catch-22, #1)","7/7/19 9:15 PM","7/7/19 9:44 PM","25 min 30 s","140","154","15","1 min 42 s"
"Catch-22 (Catch-22, #1)","7/28/19 5:05 PM","7/28/19 5:36 PM","30 min 7 s","361","378","18","1 min 40 s"
"Catch-22 (Catch-22, #1)","7/8/19 10:24 AM","7/8/19 10:57 AM","33 min 20 s","154","174","21","1 min 35 s"
"Catch-22 (Catch-22, #1)","7/7/19 4:55 PM","7/7/19 5:27 PM","31 min 53 s","120","140","21","1 min 31 s"
"Catch-22 (Catch-22, #1)","7/9/19 8:36 PM","7/9/19 9:15 PM","38 min 52 s","174","196","23","1 min 41 s"
"Catch-22 (Catch-22, #1)","7/2/19 8:36 AM","7/2/19 9:46 AM","1 h 9 min","15","48","34","2 min 2 s"
"Catch-22 (Catch-22, #1)","7/23/19 8:00 PM","7/23/19 8:31 PM","30 min 37 s","268","283","16","1 min 54 s"
"Catch-22 (Catch-22, #1)","7/28/19 7:58 PM","7/28/19 9:28 PM","1 h 25 min","378","423","46","1 min 51 s"
"Catch-22 (Catch-22, #1)","7/26/19 4:09 PM","7/26/19 4:41 PM","31 min 44 s","302","321","20","1 min 35 s"
"Catch-22 (Catch-22, #1)","7/29/19 3:20 PM","7/29/19 4:18 PM","58 min 46 s","423","463","41","1 min 26 s"
"Catch-22 (Catch-22, #1)","7/12/19 4:34 PM","7/12/19 5:10 PM","34 min 13 s","218","236","19","1 min 48 s"
"Catch-22 (Catch-22, #1)","7/11/19 1:10 PM","7/11/19 1:50 PM","39 min 48 s","196","218","23","1 min 43 s"
"Catch-22 (Catch-22, #1)","7/6/19 3:33 PM","7/6/19 4:12 PM","39 min 36 s","100","120","21","1 min 53 s"
"Catch-22 (Catch-22, #1)","7/13/19 7:14 PM","7/13/19 7:57 PM","43 min 29 s","236","260","25","1 min 44 s"
"Catch-22 (Catch-22, #1)","7/27/19 12:58 PM","7/27/19 2:10 PM","1 h 11 min","321","361","41","1 min 45 s"
"Catch-22 (Catch-22, #1)","7/25/19 2:38 PM","7/25/19 3:08 PM","30 min 49 s","283","302","20","1 min 32 s"
"Hammer of the Gods: The Led Zeppelin Saga","11/9/19 9:48 AM","11/9/19 10:48 AM","51 min 24 s","199","229","31","1 min 39 s"
"Hammer of the Gods: The Led Zeppelin Saga","10/19/19 9:33 AM","10/19/19 10:55 AM","1 h 21 min","106","153","48","1 min 42 s"
"Hammer of the Gods: The Led Zeppelin Saga","11/8/19 6:20 AM","11/8/19 6:46 AM","21 min 10 s","187","199","13","1 min 37 s"
"Hammer of the Gods: The Led Zeppelin Saga","9/22/19 8:40 PM","9/22/19 9:00 PM","19 min 52 s","1","14","14","1 min 25 s"
"Hammer of the Gods: The Led Zeppelin Saga","11/14/19 9:46 PM","11/14/19 10:06 PM","20 min 37 s","259","268","10","2 min 3 s"
"Hammer of the Gods: The Led Zeppelin Saga","11/7/19 10:04 PM","11/7/19 10:22 PM","17 min 37 s","176","187","12","1 min 28 s"
"Hammer of the Gods: The Led Zeppelin Saga","11/16/19 11:43 AM","11/16/19 12:25 PM","42 min 8 s","280","306","27","1 min 33 s"
"Hammer of the Gods: The Led Zeppelin Saga","10/5/19 8:57 PM","10/5/19 9:34 PM","37 min 23 s","39","59","21","1 min 46 s"
"Hammer of the Gods: The Led Zeppelin Saga","11/10/19 9:27 PM","11/10/19 9:58 PM","30 min 55 s","229","245","17","1 min 49 s"
"Hammer of the Gods: The Led Zeppelin Saga","9/28/19 8:50 PM","9/28/19 10:58 PM","37 min 33 s","14","39","26","1 min 26 s"
"Hammer of the Gods: The Led Zeppelin Saga","11/18/19 8:51 PM","11/18/19 9:16 PM","24 min 25 s","323","336","14","1 min 44 s"
"Hammer of the Gods: The Led Zeppelin Saga","11/17/19 9:29 PM","11/17/19 9:58 PM","29 min 11 s","306","323","18","1 min 37 s"
"Hammer of the Gods: The Led Zeppelin Saga","11/6/19 8:40 PM","11/6/19 9:20 PM","40 min 4 s","153","176","24","1 min 40 s"
"Hammer of the Gods: The Led Zeppelin Saga","11/15/19 9:22 PM","11/15/19 9:47 PM","24 min 43 s","268","280","13","1 min 54 s"
"Hammer of the Gods: The Led Zeppelin Saga","10/18/19 12:54 PM","10/18/19 2:19 PM","1 h 25 min","59","106","48","1 min 46 s"
"Hammer of the Gods: The Led Zeppelin Saga","11/20/19 8:36 PM","11/20/19 9:21 PM","44 min 36 s","336","360","25","1 min 47 s"
"Hammer of the Gods: The Led Zeppelin Saga","11/12/19 10:08 PM","11/12/19 10:36 PM","27 min 53 s","245","259","15","1 min 51 s"
"A Shot to Save the World: The Inside Story of the Life-or-Death Race for a COVID-19 Vaccine","1/14/22 7:10 AM","1/14/22 8:35 AM","1 h 24 min","131","183","53","1 min 35 s"
"A Shot to Save the World: The Inside Story of the Life-or-Death Race for a COVID-19 Vaccine","1/10/22 7:09 AM","1/10/22 7:44 AM","35 min 31 s","26","46","21","1 min 41 s"
"A Shot to Save the World: The Inside Story of the Life-or-Death Race for a COVID-19 Vaccine","1/9/22 7:34 AM","1/9/22 8:31 AM","56 min 48 s","1","26","26","2 min 11 s"
"A Shot to Save the World: The Inside Story of the Life-or-Death Race for a COVID-19 Vaccine","1/12/22 7:11 AM","1/12/22 7:50 AM","38 min 47 s","82","106","25","1 min 33 s"
"A Shot to Save the World: The Inside Story of the Life-or-Death Race for a COVID-19 Vaccine","1/13/22 7:07 AM","1/13/22 7:52 AM","44 min 48 s","106","131","26","1 min 43 s"
"A Shot to Save the World: The Inside Story of the Life-or-Death Race for a COVID-19 Vaccine","1/11/22 7:10 AM","1/11/22 8:09 AM","59 min 37 s","46","82","37","1 min 36 s"
"Three Weeks With My Brother","3/9/20 8:41 PM","3/9/20 9:30 PM","49 min 51 s","28","73","46","1 min 5 s"
"Three Weeks With My Brother","3/17/20 8:52 PM","3/17/20 9:18 PM","26 min 0 s","240","262","23","1 min 7 s"
"Three Weeks With My Brother","3/12/20 10:17 PM","3/12/20 10:40 PM","23 min 37 s","73","93","21","1 min 7 s"
"Three Weeks With My Brother","3/8/20 8:54 PM","3/8/20 9:30 PM","35 min 15 s","1","28","28","1 min 15 s"
"Three Weeks With My Brother","3/15/20 2:02 PM","3/15/20 2:27 PM","25 min 30 s","128","149","22","1 min 9 s"
"Three Weeks With My Brother","3/15/20 4:50 PM","3/15/20 5:45 PM","54 min 59 s","149","194","46","1 min 11 s"
"Three Weeks With My Brother","3/16/20 9:33 PM","3/16/20 9:33 PM","52 min 0 s","194","240","47","1 min 6 s"
"Three Weeks With My Brother","3/14/20 9:10 PM","3/14/20 9:51 PM","40 min 38 s","93","128","36","1 min 7 s"
"Three Weeks With My Brother","3/18/20 7:07 AM","3/18/20 8:43 AM","1 h 25 min","262","332","71","1 min 12 s"
"Three Weeks With My Brother","3/18/20 7:52 PM","3/18/20 8:19 PM","26 min 20 s","332","356","25","1 min 3 s"
"Beautiful Ruins","1/19/20 2:32 PM","1/19/20 4:13 PM","1 h 37 min","249","306","58","1 min 40 s"
"Beautiful Ruins","1/17/20 4:31 PM","1/17/20 5:22 PM","47 min 42 s","53","88","36","1 min 19 s"
"Beautiful Ruins","1/21/20 9:55 PM","1/21/20 10:11 PM","15 min 43 s","330","337","8","1 min 57 s"
"Beautiful Ruins","1/20/20 8:18 PM","1/20/20 9:05 PM","44 min 16 s","306","330","25","1 min 46 s"
"Beautiful Ruins","1/17/20 11:51 AM","1/17/20 12:39 PM","47 min 42 s","1","22","22","2 min 10 s"
"Beautiful Ruins","1/19/20 7:50 AM","1/19/20 9:57 AM","2 h 4 min","172","249","78","1 min 35 s"
"Beautiful Ruins","1/17/20 3:26 PM","1/17/20 4:14 PM","47 min 49 s","22","53","32","1 min 29 s"
"Beautiful Ruins","1/18/20 11:52 AM","1/18/20 2:20 PM","2 h 7 min","88","172","85","1 min 29 s"
"The Kill Club","6/20/21 4:40 PM","6/20/21 5:37 PM","56 min 49 s","1","86","86","39 s"
"The Kill Club","6/24/21 2:04 PM","6/24/21 2:20 PM","15 min 48 s","337","357","21","45 s"
"The Kill Club","6/22/21 1:13 PM","6/22/21 1:37 PM","23 min 59 s","252","283","32","44 s"
"The Kill Club","6/23/21 10:22 PM","6/23/21 11:14 PM","52 min 40 s","283","337","55","57 s"
"The Kill Club","6/20/21 8:09 PM","6/20/21 9:29 PM","1 h 20 min","86","184","99","48 s"
"The Kill Club","6/21/21 6:31 PM","6/21/21 7:24 PM","52 min 44 s","184","252","69","45 s"
"The Kill Club","6/24/21 2:20 PM","6/24/21 2:20 PM","1 min 0 s","357","362","6","10 s"
"Chemistry","11/24/21 8:21 AM","11/24/21 8:49 AM","28 min 27 s","3","26","24","1 min 11 s"
"Chemistry","11/27/21 8:19 AM","11/27/21 9:01 AM","39 min 51 s","85","126","42","56 s"
"Chemistry","11/24/21 10:41 PM","11/24/21 11:05 PM","24 min 36 s","26","48","23","1 min 4 s"
"Chemistry","11/27/21 9:21 PM","11/27/21 10:00 PM","39 min 19 s","126","162","37","1 min 3 s"
"Chemistry","11/28/21 7:29 AM","11/28/21 8:21 AM","51 min 51 s","162","211","50","1 min 2 s"
"Chemistry","11/26/21 11:24 AM","11/26/21 12:07 PM","42 min 15 s","48","85","38","1 min 6 s"
"Blink: The Power of Thinking Without Thinking","3/26/20 8:37 PM","3/26/20 9:27 PM","50 min 43 s","1","39","39","1 min 18 s"
"Blink: The Power of Thinking Without Thinking","3/27/20 6:28 AM","3/27/20 7:50 AM","1 h 18 min","39","98","60","1 min 18 s"
"Blink: The Power of Thinking Without Thinking","3/31/20 9:15 PM","3/31/20 10:05 PM","50 min 19 s","188","224","37","1 min 21 s"
"Blink: The Power of Thinking Without Thinking","3/29/20 8:49 PM","3/29/20 10:03 PM","1 h 6 min","98","146","49","1 min 21 s"
"Blink: The Power of Thinking Without Thinking","4/1/20 9:08 PM","4/1/20 9:52 PM","43 min 20 s","224","254","31","1 min 23 s"
"Blink: The Power of Thinking Without Thinking","3/30/20 6:07 AM","3/30/20 7:11 AM","1 h 2 min","146","188","43","1 min 27 s"
"The Paris Vendetta","3/21/20 6:31 PM","3/21/20 7:56 PM","1 h 2 min","77","127","51","1 min 13 s"
"The Paris Vendetta","3/20/20 7:23 AM","3/20/20 8:24 AM","1 h 1 min","31","77","47","1 min 18 s"
"The Paris Vendetta","3/23/20 7:14 AM","3/23/20 8:44 AM","1 h 12 min","187","243","57","1 min 16 s"
"The Paris Vendetta","3/19/20 7:11 AM","3/19/20 7:59 AM","44 min 18 s","1","31","31","1 min 25 s"
"The Paris Vendetta","3/25/20 9:16 PM","3/25/20 9:58 PM","42 min 28 s","355","392","38","1 min 7 s"
"The Paris Vendetta","3/22/20 2:43 PM","3/22/20 3:51 PM","1 h 8 min","127","187","61","1 min 7 s"
"The Paris Vendetta","3/24/20 7:06 AM","3/24/20 8:12 AM","1 h 6 min","243","300","58","1 min 8 s"
"The Paris Vendetta","3/25/20 7:20 AM","3/25/20 8:29 AM","1 h 9 min","300","355","56","1 min 13 s"
"The Paris Vendetta","3/26/20 8:03 AM","3/26/20 8:40 AM","36 min 46 s","392","420","29","1 min 16 s"
"Robot Dreams","1/14/20 8:06 AM","1/14/20 8:42 AM","35 min 49 s","325","344","20","1 min 47 s"
"Robot Dreams","1/12/20 9:14 PM","1/12/20 9:33 PM","14 min 42 s","246","252","7","2 min 6 s"
"Robot Dreams","1/5/20 9:27 PM","1/5/20 10:16 PM","48 min 51 s","39","70","32","1 min 31 s"
"Robot Dreams","1/13/20 3:35 PM","1/13/20 5:46 PM","2 h","252","325","74","1 min 37 s"
"Robot Dreams","1/14/20 3:35 PM","1/14/20 4:38 PM","1 h 3 min","344","384","41","1 min 33 s"
"Robot Dreams","1/4/20 4:54 PM","1/4/20 5:51 PM","56 min 42 s","1","27","27","2 min 6 s"
"Robot Dreams","1/12/20 6:10 PM","1/12/20 7:56 PM","1 h 27 min","202","246","45","1 min 56 s"
"Robot Dreams","1/6/20 7:57 PM","1/6/20 9:16 PM","1 h 18 min","70","111","42","1 min 52 s"
"Robot Dreams","1/11/20 8:12 AM","1/11/20 10:00 AM","1 h 41 min","155","202","48","2 min 6 s"
"Robot Dreams","1/10/20 10:35 PM","1/10/20 10:52 PM","16 min 58 s","121","130","10","1 min 41 s"
"Robot Dreams","1/5/20 10:20 AM","1/5/20 10:39 AM","18 min 2 s","27","39","13","1 min 23 s"
"Robot Dreams","1/11/20 6:22 AM","1/11/20 7:07 AM","44 min 34 s","130","155","26","1 min 42 s"
"Robot Dreams","1/9/20 9:56 PM","1/9/20 10:15 PM","18 min 33 s","111","121","11","1 min 41 s"
"Becoming","12/11/21 5:52 PM","12/11/21 6:24 PM","31 min 19 s","286","303","18","1 min 44 s"
"Becoming","12/13/21 7:36 PM","12/13/21 8:27 PM","51 min 31 s","388","421","34","1 min 30 s"
"Becoming","12/5/21 8:53 PM","12/5/21 10:06 PM","55 min 50 s","111","143","33","1 min 41 s"
"Becoming","12/13/21 5:28 PM","12/13/21 6:14 PM","45 min 48 s","364","388","25","1 min 49 s"
"Becoming","12/4/21 9:45 PM","12/4/21 10:29 PM","43 min 52 s","52","75","24","1 min 49 s"
"Becoming","12/6/21 7:22 AM","12/6/21 7:59 AM","37 min 3 s","143","162","20","1 min 51 s"
"Becoming","12/7/21 7:56 AM","12/7/21 8:48 AM","51 min 49 s","162","190","29","1 min 47 s"
"Becoming","12/5/21 1:37 PM","12/5/21 2:36 PM","52 min 29 s","75","111","37","1 min 25 s"
"Becoming","12/10/21 8:04 AM","12/10/21 8:29 AM","23 min 46 s","272","286","15","1 min 35 s"
"Becoming","12/9/21 7:35 AM","12/9/21 8:20 AM","45 min 21 s","249","272","24","1 min 53 s"
"Becoming","12/13/21 8:11 AM","12/13/21 8:57 AM","45 min 56 s","339","364","26","1 min 46 s"
"Becoming","12/12/21 7:22 AM","12/12/21 8:35 AM","1 h 8 min","303","339","37","1 min 51 s"
"Becoming","12/7/21 7:49 PM","12/7/21 8:17 PM","27 min 16 s","190","207","18","1 min 30 s"
"Becoming","12/3/21 2:37 PM","12/3/21 3:26 PM","38 min 54 s","1","16","16","2 min 25 s"
"Becoming","12/8/21 7:13 AM","12/8/21 7:49 AM","36 min 53 s","207","226","20","1 min 50 s"
"Becoming","12/4/21 7:53 AM","12/4/21 9:00 AM","1 h 7 min","16","52","37","1 min 49 s"
"Becoming","12/8/21 9:05 PM","12/8/21 9:43 PM","37 min 41 s","226","249","24","1 min 34 s"
"""Surely You're Joking, Mr. Feynman!""","10/2/18 11:07 PM","10/2/18 11:38 PM","30 min 22 s","155","172","18","1 min 41 s"
"""Surely You're Joking, Mr. Feynman!""","10/8/18 3:57 PM","10/8/18 5:48 PM","1 h 44 min","172","249","78","1 min 20 s"
"""Surely You're Joking, Mr. Feynman!""","9/29/18 6:57 PM","9/29/18 7:58 PM","1 h","116","155","40","1 min 31 s"
"""Surely You're Joking, Mr. Feynman!""","10/16/18 9:17 PM","10/16/18 9:56 PM","39 min 22 s","293","317","25","1 min 34 s"
"""Surely You're Joking, Mr. Feynman!""","11/1/18 8:05 PM","11/1/18 8:26 PM","18 min 48 s","381","391","11","1 min 42 s"
"""Surely You're Joking, Mr. Feynman!""","10/24/18 10:25 PM","10/24/18 10:50 PM","25 min 4 s","342","360","19","1 min 19 s"
"""Surely You're Joking, Mr. Feynman!""","10/25/18 6:15 PM","10/25/18 6:38 PM","22 min 44 s","360","372","13","1 min 44 s"
"""Surely You're Joking, Mr. Feynman!""","10/31/18 10:21 PM","10/31/18 10:40 PM","17 min 38 s","372","381","10","1 min 45 s"
"""Surely You're Joking, Mr. Feynman!""","9/29/18 3:19 PM","9/29/18 6:06 PM","2 h 21 min","1","116","116","1 min 13 s"
"""Surely You're Joking, Mr. Feynman!""","10/15/18 9:35 PM","10/15/18 10:05 PM","30 min 12 s","272","293","22","1 min 22 s"
"""Surely You're Joking, Mr. Feynman!""","10/20/18 11:44 AM","10/20/18 12:14 PM","29 min 47 s","327","342","16","1 min 51 s"
"""Surely You're Joking, Mr. Feynman!""","10/18/18 10:18 PM","10/18/18 10:34 PM","16 min 19 s","317","327","11","1 min 29 s"
"""Surely You're Joking, Mr. Feynman!""","10/8/18 6:39 PM","10/8/18 7:07 PM","27 min 33 s","249","272","24","1 min 8 s"
"Refugee High: Coming of Age in America","12/29/21 4:31 PM","12/29/21 5:01 PM","29 min 41 s","64","90","27","1 min 5 s"
"Refugee High: Coming of Age in America","1/2/22 7:08 AM","1/2/22 8:09 AM","1 h","208","261","54","1 min 7 s"
"Refugee High: Coming of Age in America","1/1/22 7:07 AM","1/1/22 7:43 AM","36 min 38 s","180","208","29","1 min 15 s"
"Refugee High: Coming of Age in America","12/31/21 8:03 AM","12/31/21 9:00 AM","54 min 33 s","132","180","49","1 min 6 s"
"Refugee High: Coming of Age in America","12/27/21 9:22 AM","12/27/21 10:05 AM","42 min 54 s","3","37","35","1 min 13 s"
"Refugee High: Coming of Age in America","12/30/21 4:58 PM","12/30/21 6:37 PM","50 min 6 s","90","132","43","1 min 9 s"
"Refugee High: Coming of Age in America","12/28/21 12:14 PM","12/28/21 12:43 PM","29 min 17 s","37","64","28","1 min 2 s"
"The Good Girl","4/15/19 9:56 PM","4/15/19 10:33 PM","37 min 15 s","201","233","33","1 min 7 s"
"The Good Girl","4/17/19 9:37 PM","4/17/19 10:45 PM","1 h 7 min","293","350","58","1 min 9 s"
"The Good Girl","4/10/19 2:57 PM","4/10/19 3:29 PM","31 min 39 s","63","87","25","1 min 15 s"
"The Good Girl","4/10/19 11:50 AM","4/10/19 12:25 PM","34 min 47 s","34","63","30","1 min 9 s"
"The Good Girl","4/12/19 12:32 PM","4/12/19 1:08 PM","35 min 14 s","117","147","31","1 min 8 s"
"The Good Girl","4/11/19 9:14 PM","4/11/19 9:55 PM","41 min 15 s","87","117","31","1 min 19 s"
"The Good Girl","4/9/19 2:27 PM","4/9/19 2:59 PM","31 min 51 s","1","34","34","56 s"
"The Good Girl","4/13/19 12:17 PM","4/13/19 12:48 PM","30 min 19 s","147","168","22","1 min 22 s"
"The Good Girl","4/16/19 9:12 PM","4/16/19 10:01 PM","48 min 40 s","233","269","37","1 min 18 s"
"The Good Girl","4/16/19 10:15 PM","4/16/19 10:43 PM","27 min 36 s","269","293","25","1 min 6 s"
"The Good Girl","4/14/19 12:30 PM","4/14/19 1:06 PM","36 min 12 s","168","201","34","1 min 3 s"
"The Woman in Cabin 10","6/6/20 9:47 AM","6/6/20 10:18 AM","31 min 45 s","1","33","33","57 s"
"The Woman in Cabin 10","6/10/20 7:35 AM","6/10/20 8:55 AM","1 h 12 min","132","201","70","1 min 2 s"
"The Woman in Cabin 10","6/12/20 8:30 PM","6/12/20 8:50 PM","19 min 53 s","316","340","25","47 s"
"The Woman in Cabin 10","6/8/20 8:14 AM","6/8/20 8:58 AM","40 min 46 s","33","68","36","1 min 7 s"
"The Woman in Cabin 10","6/12/20 7:55 AM","6/12/20 8:42 AM","47 min 11 s","264","316","53","53 s"
"The Woman in Cabin 10","6/9/20 7:50 AM","6/9/20 8:59 AM","1 h 7 min","68","132","65","1 min 2 s"
"The Woman in Cabin 10","6/11/20 7:46 AM","6/11/20 8:56 AM","1 h 10 min","201","264","64","1 min 6 s"
"Getting Well Again: The Bestselling Classic About the Simontons' Revolutionary Lifesaving Self- Awareness Techniques","10/1/18 8:14 AM","10/1/18 10:06 AM","41 min 10 s","102","135","34","1 min 12 s"
"Getting Well Again: The Bestselling Classic About the Simontons' Revolutionary Lifesaving Self- Awareness Techniques","10/8/18 8:25 PM","10/8/18 9:17 PM","51 min 3 s","196","242","47","1 min 5 s"
"Getting Well Again: The Bestselling Classic About the Simontons' Revolutionary Lifesaving Self- Awareness Techniques","10/9/18 9:15 PM","10/9/18 9:40 PM","25 min 26 s","242","260","19","1 min 20 s"
"Getting Well Again: The Bestselling Classic About the Simontons' Revolutionary Lifesaving Self- Awareness Techniques","9/29/18 7:16 AM","9/29/18 7:40 AM","23 min 51 s","14","32","19","1 min 15 s"
"Getting Well Again: The Bestselling Classic About the Simontons' Revolutionary Lifesaving Self- Awareness Techniques","9/29/18 2:57 PM","9/29/18 3:14 PM","16 min 34 s","78","90","13","1 min 16 s"
"Getting Well Again: The Bestselling Classic About the Simontons' Revolutionary Lifesaving Self- Awareness Techniques","9/28/18 9:05 PM","9/28/18 9:23 PM","17 min 52 s","1","14","14","1 min 16 s"
"Getting Well Again: The Bestselling Classic About the Simontons' Revolutionary Lifesaving Self- Awareness Techniques","9/29/18 11:38 AM","9/29/18 12:51 PM","1 h 13 min","32","78","47","1 min 34 s"
"Getting Well Again: The Bestselling Classic About the Simontons' Revolutionary Lifesaving Self- Awareness Techniques","9/29/18 6:36 PM","9/29/18 6:46 PM","7 min 5 s","90","102","13","32 s"
"Getting Well Again: The Bestselling Classic About the Simontons' Revolutionary Lifesaving Self- Awareness Techniques","10/3/18 2:15 PM","10/3/18 3:24 PM","6 min 47 s","135","196","62","6 s"
"The Perfume Collector","8/4/19 7:27 PM","8/4/19 8:06 PM","38 min 36 s","63","104","42","55 s"
"The Perfume Collector","8/26/19 8:54 PM","8/26/19 9:21 PM","26 min 58 s","426","456","31","52 s"
"The Perfume Collector","8/5/19 8:13 PM","8/5/19 9:12 PM","55 min 47 s","104","161","58","57 s"
"The Perfume Collector","8/25/19 7:24 PM","8/25/19 8:30 PM","1 h 6 min","353","426","74","53 s"
"The Perfume Collector","8/11/19 8:32 PM","8/11/19 9:02 PM","30 min 35 s","161","195","35","52 s"
"The Perfume Collector","7/31/19 6:16 AM","7/31/19 7:24 AM","1 h 7 min","1","63","63","1 min 4 s"
"The Perfume Collector","8/17/19 11:27 PM","8/17/19 11:49 PM","22 min 22 s","296","317","22","1 min 1 s"
"The Perfume Collector","8/13/19 8:15 PM","8/13/19 9:06 PM","50 min 54 s","244","296","53","57 s"
"The Perfume Collector","8/23/19 8:29 PM","8/23/19 9:09 PM","39 min 35 s","317","353","37","1 min 4 s"
"The Perfume Collector","8/12/19 8:18 PM","8/12/19 8:57 PM","39 min 10 s","195","244","50","47 s"
"The Giver","1/12/20 5:04 PM","1/12/20 5:51 PM","47 min 13 s","1","39","39","1 min 12 s"
"The Giver","1/14/20 8:07 PM","1/14/20 8:07 PM","1 h 20 min","39","107","69","1 min 9 s"
"The Giver","1/15/20 9:32 AM","1/15/20 10:50 AM","1 h 6 min","107","180","74","53 s"
"The Little Paris Bookshop","11/11/20 7:32 AM","11/11/20 8:08 AM","26 min 49 s","145","169","25","1 min 4 s"
"The Little Paris Bookshop","3/25/21 8:04 AM","3/25/21 8:52 AM","48 min 5 s","327","370","44","1 min 5 s"
"The Little Paris Bookshop","8/31/20 7:25 PM","8/31/20 8:15 PM","50 min 25 s","18","59","42","1 min 12 s"
"The Little Paris Bookshop","12/28/20 9:16 PM","12/28/20 9:46 PM","29 min 36 s","169","195","27","1 min 5 s"
"The Little Paris Bookshop","3/24/21 8:15 AM","3/24/21 8:55 AM","34 min 33 s","294","327","34","1 min 0 s"
"The Little Paris Bookshop","10/9/20 7:16 AM","10/9/20 8:05 AM","45 min 22 s","85","124","40","1 min 8 s"
"The Little Paris Bookshop","3/22/21 8:07 AM","3/22/21 8:38 AM","31 min 0 s","242","269","28","1 min 6 s"
"The Little Paris Bookshop","1/3/21 9:04 AM","1/3/21 10:04 AM","59 min 33 s","195","242","48","1 min 14 s"
"The Little Paris Bookshop","9/3/20 8:16 AM","9/3/20 8:45 AM","29 min 48 s","59","85","27","1 min 6 s"
"The Little Paris Bookshop","10/23/20 7:12 AM","10/23/20 7:46 AM","33 min 59 s","124","145","22","1 min 32 s"
"The Little Paris Bookshop","8/31/20 8:10 AM","8/31/20 8:40 AM","29 min 46 s","1","18","18","1 min 39 s"
"The Little Paris Bookshop","3/23/21 8:36 AM","3/23/21 9:02 AM","26 min 0 s","269","294","26","1 min 0 s"
"Good Grief","5/8/20 10:58 PM","5/8/20 11:42 PM","43 min 57 s","249","286","38","1 min 9 s"
"Good Grief","5/8/20 7:20 AM","5/8/20 8:24 AM","1 h 3 min","201","249","49","1 min 18 s"
"Good Grief","5/7/20 7:23 AM","5/7/20 8:32 AM","1 h 8 min","143","201","59","1 min 10 s"
"Good Grief","5/4/20 7:12 AM","5/4/20 8:24 AM","1 h 12 min","1","55","55","1 min 19 s"
"Good Grief","5/6/20 7:32 AM","5/6/20 8:36 AM","1 h 4 min","90","143","54","1 min 11 s"
"Good Grief","5/5/20 7:15 AM","5/5/20 8:00 AM","44 min 44 s","55","90","36","1 min 14 s"
"Good Grief","5/9/20 10:05 AM","5/9/20 11:07 AM","1 h 1 min","286","342","57","1 min 4 s"
"Recoding Gender: Women's Changing Participation in Computing","11/28/19 6:23 PM","11/28/19 7:32 PM","1 h 9 min","111","143","33","2 min 6 s"
"Recoding Gender: Women's Changing Participation in Computing","11/24/19 10:06 PM","11/24/19 10:26 PM","20 min 10 s","50","59","10","2 min 1 s"
"Recoding Gender: Women's Changing Participation in Computing","11/29/19 8:10 AM","11/29/19 9:16 AM","1 h 5 min","143","175","33","1 min 59 s"
"Recoding Gender: Women's Changing Participation in Computing","11/23/19 7:19 PM","11/23/19 7:49 PM","30 min 8 s","38","50","13","2 min 19 s"
"Recoding Gender: Women's Changing Participation in Computing","11/25/19 2:12 PM","11/25/19 2:37 PM","25 min 4 s","59","72","14","1 min 47 s"
"Recoding Gender: Women's Changing Participation in Computing","11/23/19 11:26 AM","11/23/19 12:23 PM","56 min 28 s","11","38","28","2 min 1 s"
"Recoding Gender: Women's Changing Participation in Computing","11/26/19 8:06 PM","11/26/19 8:28 PM","22 min 12 s","90","98","9","2 min 28 s"
"Recoding Gender: Women's Changing Participation in Computing","11/25/19 8:28 PM","11/25/19 9:08 PM","39 min 35 s","72","90","19","2 min 5 s"
"Recoding Gender: Women's Changing Participation in Computing","11/27/19 7:07 PM","11/27/19 7:38 PM","30 min 46 s","98","111","14","2 min 11 s"
"Recoding Gender: Women's Changing Participation in Computing","11/21/19 9:22 PM","11/21/19 9:42 PM","20 min 11 s","1","11","11","1 min 50 s"
"The Glass Universe: The Hidden History of the Women Who Took the Measure of the Stars","11/7/21 4:28 PM","11/7/21 5:04 PM","32 min 23 s","104","122","19","1 min 42 s"
"The Glass Universe: The Hidden History of the Women Who Took the Measure of the Stars","11/4/21 7:27 AM","11/4/21 7:58 AM","31 min 22 s","39","55","17","1 min 50 s"
"The Glass Universe: The Hidden History of the Women Who Took the Measure of the Stars","11/12/21 7:05 AM","11/12/21 8:18 AM","1 h 13 min","195","231","37","1 min 59 s"
"The Glass Universe: The Hidden History of the Women Who Took the Measure of the Stars","11/13/21 9:03 PM","11/13/21 9:43 PM","31 min 27 s","231","248","18","1 min 44 s"
"The Glass Universe: The Hidden History of the Women Who Took the Measure of the Stars","11/6/21 8:42 PM","11/6/21 9:25 PM","33 min 37 s","86","104","19","1 min 46 s"
"The Glass Universe: The Hidden History of the Women Who Took the Measure of the Stars","11/14/21 9:06 PM","11/14/21 9:43 PM","36 min 48 s","248","266","19","1 min 56 s"
"The Glass Universe: The Hidden History of the Women Who Took the Measure of the Stars","11/10/21 7:03 AM","11/10/21 7:34 AM","30 min 37 s","158","176","19","1 min 36 s"
"The Glass Universe: The Hidden History of the Women Who Took the Measure of the Stars","11/2/21 7:19 PM","11/2/21 7:56 PM","34 min 44 s","1","20","20","1 min 44 s"
"The Glass Universe: The Hidden History of the Women Who Took the Measure of the Stars","11/8/21 7:09 AM","11/8/21 7:41 AM","30 min 38 s","122","140","19","1 min 36 s"
"The Glass Universe: The Hidden History of the Women Who Took the Measure of the Stars","11/3/21 8:07 AM","11/3/21 8:46 AM","39 min 19 s","20","39","20","1 min 57 s"
"The Glass Universe: The Hidden History of the Women Who Took the Measure of the Stars","11/9/21 7:16 PM","11/9/21 7:56 PM","40 min 16 s","140","158","19","2 min 7 s"
"The Glass Universe: The Hidden History of the Women Who Took the Measure of the Stars","11/11/21 5:19 PM","11/11/21 5:51 PM","31 min 8 s","176","195","20","1 min 33 s"
"The Glass Universe: The Hidden History of the Women Who Took the Measure of the Stars","11/5/21 7:27 PM","11/5/21 8:33 PM","1 h 6 min","55","86","32","2 min 4 s"
"First Light: The Search for the Edge of the Universe","2/18/19 3:23 PM","2/18/19 4:16 PM","53 min 19 s","234","265","32","1 min 39 s"
"First Light: The Search for the Edge of the Universe","2/2/19 10:35 AM","2/2/19 11:16 AM","40 min 30 s","53","75","23","1 min 45 s"
"First Light: The Search for the Edge of the Universe","2/14/19 10:27 PM","2/14/19 10:48 PM","20 min 39 s","152","160","9","2 min 17 s"
"First Light: The Search for the Edge of the Universe","2/18/19 12:08 PM","2/18/19 2:28 PM","2 h 19 min","160","234","75","1 min 51 s"
"First Light: The Search for the Edge of the Universe","2/14/19 4:56 PM","2/14/19 5:34 PM","34 min 11 s","131","152","22","1 min 33 s"
"First Light: The Search for the Edge of the Universe","1/31/19 5:57 PM","1/31/19 7:25 PM","1 h 9 min","19","53","35","1 min 58 s"
"First Light: The Search for the Edge of the Universe","2/3/19 7:57 PM","2/3/19 8:46 PM","49 min 6 s","75","100","26","1 min 53 s"
"First Light: The Search for the Edge of the Universe","2/12/19 8:53 PM","2/12/19 10:03 PM","1 h 10 min","100","131","32","2 min 12 s"
"First Light: The Search for the Edge of the Universe","1/31/19 2:36 PM","1/31/19 3:06 PM","30 min 18 s","1","19","19","1 min 35 s"
"Dumbing Us Down: The Hidden Curriculum of Compulsory Schooling","11/4/18 9:05 PM","11/4/18 9:20 PM","14 min 43 s","70","80","11","1 min 20 s"
"Dumbing Us Down: The Hidden Curriculum of Compulsory Schooling","11/2/18 12:54 PM","11/2/18 1:30 PM","35 min 17 s","22","50","29","1 min 13 s"
"Dumbing Us Down: The Hidden Curriculum of Compulsory Schooling","11/2/18 10:27 AM","11/2/18 10:58 AM","31 min 9 s","1","22","22","1 min 24 s"
"Dumbing Us Down: The Hidden Curriculum of Compulsory Schooling","11/2/18 3:22 PM","11/2/18 3:54 PM","31 min 46 s","50","70","21","1 min 30 s"
"Dumbing Us Down: The Hidden Curriculum of Compulsory Schooling","11/5/18 1:54 PM","11/5/18 2:32 PM","31 min 36 s","80","104","25","1 min 15 s"
"Barefoot in Baghdad","1/15/20 10:55 AM","1/15/20 11:52 AM","54 min 42 s","1","34","34","1 min 36 s"
"Barefoot in Baghdad","1/17/20 10:25 AM","1/17/20 10:49 AM","21 min 52 s","223","237","15","1 min 27 s"
"Barefoot in Baghdad","1/16/20 8:55 PM","1/16/20 10:22 PM","1 h 9 min","153","191","39","1 min 46 s"
"Barefoot in Baghdad","1/16/20 5:03 PM","1/16/20 6:07 PM","1 h 20 min","101","153","53","1 min 30 s"
"Barefoot in Baghdad","1/15/20 1:39 PM","1/15/20 2:43 PM","1 h 3 min","34","78","45","1 min 24 s"
"Barefoot in Baghdad","1/17/20 7:28 AM","1/17/20 8:11 AM","42 min 29 s","191","223","33","1 min 17 s"
"Barefoot in Baghdad","1/16/20 8:39 AM","1/16/20 9:23 AM","43 min 15 s","78","101","24","1 min 48 s"
"Absolution","4/22/19 7:18 AM","4/22/19 7:55 AM","37 min 6 s","30","63","34","1 min 5 s"
"Absolution","4/22/19 3:09 PM","4/22/19 3:34 PM","25 min 17 s","100","121","22","1 min 8 s"
"Absolution","4/23/19 10:14 PM","4/23/19 10:32 PM","17 min 59 s","241","259","19","56 s"
"Absolution","4/21/19 9:54 PM","4/21/19 10:26 PM","31 min 39 s","1","30","30","1 min 3 s"
"Absolution","4/22/19 8:17 PM","4/22/19 9:44 PM","1 h 19 min","161","241","81","58 s"
"Absolution","4/22/19 5:22 PM","4/22/19 6:09 PM","47 min 12 s","121","161","41","1 min 9 s"
"Absolution","4/22/19 11:20 AM","4/22/19 12:05 PM","36 min 28 s","63","100","38","57 s"
"Why Not Me?","6/3/20 7:31 AM","6/3/20 8:18 AM","43 min 19 s","83","120","38","1 min 8 s"
"Why Not Me?","6/5/20 7:20 AM","6/5/20 8:31 AM","1 h 10 min","154","223","70","1 min 0 s"
"Why Not Me?","5/31/20 7:35 PM","5/31/20 8:14 PM","34 min 14 s","1","27","27","1 min 16 s"
"Why Not Me?","6/4/20 8:07 AM","6/4/20 8:54 AM","46 min 42 s","120","154","35","1 min 20 s"
"Why Not Me?","6/2/20 7:51 AM","6/2/20 8:54 AM","56 min 40 s","44","83","40","1 min 25 s"
"Why Not Me?","6/1/20 8:28 AM","6/1/20 8:59 AM","31 min 11 s","27","44","18","1 min 43 s"
"Thinking, Fast and Slow","8/18/18 1:23 PM","8/18/18 2:04 PM","41 min 35 s","352","374","23","1 min 48 s"
"Thinking, Fast and Slow","8/14/18 7:34 PM","8/14/18 8:10 PM","36 min 38 s","316","333","18","2 min 2 s"
"Thinking, Fast and Slow","8/21/18 10:21 PM","8/21/18 10:48 PM","26 min 41 s","408","418","11","2 min 25 s"
"Thinking, Fast and Slow","8/17/18 4:10 PM","8/17/18 4:52 PM","42 min 15 s","333","352","20","2 min 6 s"
"Thinking, Fast and Slow","8/19/18 6:11 PM","8/19/18 6:54 PM","30 min 5 s","374","395","22","1 min 22 s"
"Thinking, Fast and Slow","8/20/18 9:37 PM","8/20/18 10:10 PM","32 min 51 s","395","408","14","2 min 20 s"
"Detransition, Baby","12/23/21 8:13 AM","12/23/21 9:05 AM","51 min 34 s","110","141","32","1 min 36 s"
"Detransition, Baby","12/22/21 6:28 PM","12/22/21 6:44 PM","16 min 35 s","44","55","12","1 min 22 s"
"Detransition, Baby","12/21/21 5:59 PM","12/21/21 6:29 PM","30 min 31 s","5","21","17","1 min 47 s"
"Detransition, Baby","12/24/21 10:47 PM","12/24/21 11:15 PM","27 min 48 s","232","249","18","1 min 32 s"
"Detransition, Baby","12/22/21 8:53 PM","12/22/21 10:21 PM","1 h 27 min","55","110","56","1 min 34 s"
"Detransition, Baby","12/26/21 8:30 AM","12/26/21 9:11 AM","40 min 19 s","280","308","29","1 min 23 s"
"Detransition, Baby","12/25/21 8:35 PM","12/25/21 9:20 PM","44 min 51 s","249","280","32","1 min 24 s"
"Detransition, Baby","12/22/21 12:51 PM","12/22/21 1:26 PM","35 min 2 s","21","44","24","1 min 27 s"
"Detransition, Baby","12/26/21 11:18 AM","12/26/21 11:57 AM","39 min 1 s","308","337","30","1 min 18 s"
"Detransition, Baby","12/24/21 8:22 AM","12/24/21 9:40 AM","1 h 17 min","181","232","52","1 min 29 s"
"Detransition, Baby","12/23/21 10:27 PM","12/23/21 11:25 PM","57 min 57 s","141","181","41","1 min 24 s"
"Dead Reckoning: Tales of the Great Explorers 1800-1900","11/19/18 12:35 PM","11/19/18 1:05 PM","29 min 23 s","124","144","21","1 min 23 s"
"Dead Reckoning: Tales of the Great Explorers 1800-1900","1/4/19 7:46 PM","1/4/19 8:20 PM","33 min 54 s","361","378","18","1 min 53 s"
"Dead Reckoning: Tales of the Great Explorers 1800-1900","1/7/19 7:03 AM","1/7/19 7:50 AM","46 min 15 s","454","475","22","2 min 6 s"
"Dead Reckoning: Tales of the Great Explorers 1800-1900","11/6/18 9:36 PM","11/6/18 9:54 PM","18 min 40 s","30","38","9","2 min 4 s"
"Dead Reckoning: Tales of the Great Explorers 1800-1900","11/22/18 5:49 PM","11/22/18 6:37 PM","43 min 37 s","177","195","19","2 min 17 s"
"Dead Reckoning: Tales of the Great Explorers 1800-1900","11/9/18 7:22 PM","11/9/18 8:15 PM","52 min 49 s","61","85","25","2 min 6 s"
"Dead Reckoning: Tales of the Great Explorers 1800-1900","1/6/19 10:46 AM","1/6/19 11:53 AM","1 h 4 min","404","440","37","1 min 45 s"
"Dead Reckoning: Tales of the Great Explorers 1800-1900","1/2/19 5:03 PM","1/2/19 5:44 PM","41 min 1 s","290","310","21","1 min 57 s"
"Dead Reckoning: Tales of the Great Explorers 1800-1900","11/19/18 3:48 PM","11/19/18 4:17 PM","28 min 52 s","144","158","15","1 min 55 s"
"Dead Reckoning: Tales of the Great Explorers 1800-1900","1/2/19 1:41 PM","1/2/19 2:35 PM","53 min 51 s","263","290","28","1 min 55 s"
"Dead Reckoning: Tales of the Great Explorers 1800-1900","11/29/18 11:09 PM","11/29/18 11:23 PM","14 min 38 s","195","202","8","1 min 49 s"
"Dead Reckoning: Tales of the Great Explorers 1800-1900","12/29/18 9:51 PM","12/29/18 10:38 PM","47 min 16 s","240","263","24","1 min 58 s"
"Dead Reckoning: Tales of the Great Explorers 1800-1900","1/4/19 5:52 PM","1/4/19 6:29 PM","28 min 55 s","344","361","18","1 min 36 s"
"Dead Reckoning: Tales of the Great Explorers 1800-1900","11/22/18 9:15 AM","11/22/18 9:59 AM","42 min 30 s","158","177","20","2 min 7 s"
"Dead Reckoning: Tales of the Great Explorers 1800-1900","1/7/19 5:39 PM","1/7/19 6:49 PM","1 h 1 min","533","564","32","1 min 55 s"
"Dead Reckoning: Tales of the Great Explorers 1800-1900","1/6/19 1:34 PM","1/6/19 2:01 PM","27 min 4 s","440","454","15","1 min 48 s"
"Dead Reckoning: Tales of the Great Explorers 1800-1900","11/5/18 9:39 PM","11/5/18 10:03 PM","24 min 34 s","1","30","30","49 s"
"Dead Reckoning: Tales of the Great Explorers 1800-1900","11/13/18 9:30 PM","11/13/18 10:18 PM","47 min 10 s","85","108","24","1 min 57 s"
"Dead Reckoning: Tales of the Great Explorers 1800-1900","1/3/19 7:29 PM","1/3/19 9:01 PM","1 h 12 min","310","344","35","2 min 4 s"
"Dead Reckoning: Tales of the Great Explorers 1800-1900","1/5/19 5:21 PM","1/5/19 5:53 PM","20 min 8 s","378","388","11","1 min 49 s"
"Dead Reckoning: Tales of the Great Explorers 1800-1900","11/15/18 8:35 PM","11/15/18 9:21 PM","39 min 59 s","108","124","17","2 min 21 s"
"Dead Reckoning: Tales of the Great Explorers 1800-1900","1/7/19 8:26 AM","1/7/19 9:22 AM","56 min 14 s","475","501","27","2 min 4 s"
"Dead Reckoning: Tales of the Great Explorers 1800-1900","12/24/18 11:35 AM","12/24/18 12:57 PM","1 h 12 min","202","240","39","1 min 51 s"
"Dead Reckoning: Tales of the Great Explorers 1800-1900","1/5/19 6:47 PM","1/5/19 7:22 PM","34 min 50 s","388","404","17","2 min 2 s"
"Dead Reckoning: Tales of the Great Explorers 1800-1900","1/7/19 10:47 AM","1/7/19 12:22 PM","1 h 11 min","501","533","33","2 min 9 s"
"Dead Reckoning: Tales of the Great Explorers 1800-1900","11/8/18 3:04 PM","11/8/18 3:52 PM","48 min 18 s","38","61","24","2 min 0 s"
"The Murder of Roger Ackroyd","4/4/20 11:47 AM","4/4/20 1:00 PM","1 h","123","192","70","51 s"
"The Murder of Roger Ackroyd","4/2/20 7:29 AM","4/2/20 8:11 AM","42 min 34 s","1","36","36","1 min 10 s"
"The Murder of Roger Ackroyd","4/4/20 8:03 PM","4/4/20 9:26 PM","1 h 22 min","192","277","86","57 s"
"The Murder of Roger Ackroyd","4/3/20 7:11 AM","4/3/20 8:35 AM","1 h 24 min","36","123","88","57 s"
"The Murder of Roger Ackroyd","4/5/20 8:47 AM","4/5/20 10:05 AM","1 h 17 min","277","358","82","56 s"
"All the Light We Cannot See","3/1/20 9:01 PM","3/1/20 9:21 PM","20 min 40 s","407","424","18","1 min 8 s"
"All the Light We Cannot See","3/4/20 9:14 PM","3/4/20 9:39 PM","24 min 49 s","478","499","22","1 min 7 s"
"All the Light We Cannot See","2/11/20 9:01 PM","2/11/20 9:42 PM","40 min 58 s","190","224","35","1 min 10 s"
"All the Light We Cannot See","2/3/20 9:27 PM","2/3/20 9:54 PM","26 min 47 s","94","116","23","1 min 9 s"
"All the Light We Cannot See","1/22/20 9:55 PM","1/22/20 10:14 PM","19 min 12 s","1","16","16","1 min 12 s"
"All the Light We Cannot See","2/15/20 9:28 AM","2/15/20 11:08 AM","1 h 34 min","253","339","87","1 min 5 s"
"All the Light We Cannot See","2/20/20 8:40 PM","2/20/20 9:05 PM","24 min 13 s","363","387","25","58 s"
"All the Light We Cannot See","2/4/20 9:24 PM","2/4/20 9:57 PM","33 min 33 s","116","140","25","1 min 20 s"
"All the Light We Cannot See","3/2/20 9:04 PM","3/2/20 9:25 PM","20 min 57 s","424","444","21","59 s"
"All the Light We Cannot See","2/2/20 8:12 PM","2/2/20 8:47 PM","28 min 17 s","67","94","28","1 min 0 s"
"All the Light We Cannot See","1/23/20 9:08 PM","1/23/20 9:35 PM","27 min 19 s","16","37","22","1 min 14 s"
"All the Light We Cannot See","1/26/20 9:17 PM","1/26/20 9:38 PM","21 min 3 s","49","67","19","1 min 6 s"
"All the Light We Cannot See","2/5/20 8:08 PM","2/5/20 8:45 PM","37 min 16 s","140","167","28","1 min 19 s"
"All the Light We Cannot See","3/3/20 9:37 PM","3/3/20 10:11 PM","33 min 7 s","444","478","35","56 s"
"All the Light We Cannot See","2/13/20 8:46 PM","2/13/20 9:26 PM","39 min 52 s","224","253","30","1 min 19 s"
"All the Light We Cannot See","2/29/20 10:26 PM","2/29/20 10:53 PM","24 min 15 s","387","407","21","1 min 9 s"
"All the Light We Cannot See","1/25/20 10:51 PM","1/25/20 11:09 PM","18 min 13 s","37","49","13","1 min 24 s"
"All the Light We Cannot See","2/9/20 8:57 AM","2/9/20 9:28 AM","31 min 10 s","167","190","24","1 min 17 s"
"All the Light We Cannot See","3/5/20 8:44 PM","3/5/20 9:41 PM","38 min 2 s","499","531","33","1 min 9 s"
"All the Light We Cannot See","2/18/20 8:13 PM","2/18/20 8:43 PM","29 min 38 s","339","363","25","1 min 11 s"
"You Cant Be Serious","12/21/21 8:25 AM","12/21/21 9:07 AM","42 min 48 s","329","367","39","1 min 5 s"
"You Cant Be Serious","12/19/21 8:17 AM","12/19/21 9:33 AM","1 h","182","230","49","1 min 13 s"
"You Cant Be Serious","12/18/21 7:18 PM","12/18/21 8:21 PM","1 h 2 min","134","182","49","1 min 16 s"
"You Cant Be Serious","12/15/21 7:12 AM","12/15/21 8:36 AM","1 h 17 min","26","84","59","1 min 18 s"
"You Cant Be Serious","12/20/21 8:10 AM","12/20/21 8:46 AM","35 min 58 s","298","329","32","1 min 7 s"
"You Cant Be Serious","12/16/21 8:51 PM","12/16/21 10:04 PM","1 h 13 min","84","134","51","1 min 26 s"
"You Cant Be Serious","12/14/21 6:55 AM","12/14/21 7:36 AM","41 min 18 s","1","26","26","1 min 35 s"
"You Cant Be Serious","12/19/21 2:51 PM","12/19/21 3:50 PM","56 min 39 s","252","298","47","1 min 12 s"
"You Cant Be Serious","12/19/21 10:29 AM","12/19/21 10:50 AM","20 min 31 s","230","252","23","53 s"
"You May Also Like: Taste in an Age of Endless Choice","1/25/19 9:14 AM","1/25/19 9:21 AM","6 min 58 s","222","226","5","1 min 23 s"
"You May Also Like: Taste in an Age of Endless Choice","1/16/19 9:52 PM","1/16/19 10:28 PM","35 min 10 s","145","158","14","2 min 30 s"
"You May Also Like: Taste in an Age of Endless Choice","1/12/19 10:06 AM","1/12/19 11:27 AM","1 h 13 min","80","111","32","2 min 18 s"
"You May Also Like: Taste in an Age of Endless Choice","1/13/19 9:48 AM","1/13/19 10:12 AM","23 min 42 s","111","123","13","1 min 49 s"
"You May Also Like: Taste in an Age of Endless Choice","1/14/19 9:21 PM","1/14/19 9:54 PM","32 min 41 s","130","141","12","2 min 43 s"
"You May Also Like: Taste in an Age of Endless Choice","1/18/19 2:52 PM","1/18/19 3:12 PM","20 min 2 s","183","191","9","2 min 13 s"
"You May Also Like: Taste in an Age of Endless Choice","1/9/19 4:57 PM","1/9/19 6:00 PM","1 h 2 min","16","38","23","2 min 42 s"
"You May Also Like: Taste in an Age of Endless Choice","1/17/19 8:38 PM","1/17/19 9:49 PM","1 h 8 min","158","183","26","2 min 38 s"
"You May Also Like: Taste in an Age of Endless Choice","1/21/19 8:16 PM","1/21/19 8:45 PM","28 min 11 s","191","203","13","2 min 10 s"
"You May Also Like: Taste in an Age of Endless Choice","1/15/19 9:50 PM","1/15/19 10:04 PM","14 min 5 s","141","145","5","2 min 49 s"
"You May Also Like: Taste in an Age of Endless Choice","1/8/19 6:57 PM","1/8/19 7:26 PM","28 min 19 s","1","16","16","1 min 46 s"
"You May Also Like: Taste in an Age of Endless Choice","1/10/19 4:32 PM","1/10/19 5:33 PM","53 min 34 s","38","61","24","2 min 13 s"
"You May Also Like: Taste in an Age of Endless Choice","1/24/19 8:19 PM","1/24/19 9:08 PM","48 min 34 s","203","222","20","2 min 25 s"
"You May Also Like: Taste in an Age of Endless Choice","1/13/19 4:33 PM","1/13/19 4:50 PM","16 min 58 s","123","130","8","2 min 7 s"
"You May Also Like: Taste in an Age of Endless Choice","1/12/19 8:43 AM","1/12/19 9:28 AM","45 min 29 s","61","80","20","2 min 16 s"
